record_id,plot_area_ha,rainfall_mm,soil_ph,seed_kg,distance_km,arrival_hour,actual_yield_kg,dispatch_attention
P0001,1.45,74.8,5.54,213,14.6,9,2900,0
P0002,0.78,81.5,5.4,131,24.1,8,2013,0
P0003,1.68,92.8,6.19,319,25.1,11,4073,0
P0004,1.77,70.9,6.21,314,3.6,11,4032,0
P0005,0.32,87.4,6.71,53,12.5,6,1248,0
P0006,0.65,73.2,6.6,106,25.9,13,1267,1
P0007,1.36,75.9,5.93,221,19.1,10,3060,0
P0008,1.14,92.9,5.32,180,16.6,7,2619,0
P0009,1.29,42.1,5.82,306,13.3,13,2586,1
P0010,0.87,54.7,6.12,164,11.9,12,2071,0
P0011,1.74,51.3,5.89,352,17.3,7,3558,1
P0012,1.69,40.0,5.68,283,13.0,14,3438,1
P0013,1.33,65.8,6.14,234,14.7,12,2750,1
P0014,1.86,91.5,5.72,302,15.6,10,3834,0
P0015,1.53,72.9,5.65,199,9.6,14,3273,1
P0016,0.87,81.6,6.17,127,19.3,10,2467,0
P0017,1.48,97.6,5.78,200,38.3,10,2770,1
P0018,0.82,101.9,6.13,107,2.0,8,2540,0
P0019,1.74,76.8,6.15,261,17.6,11,3767,1
P0020,1.28,102.4,5.37,272,8.9,11,3168,0
P0021,1.21,79.7,5.74,216,19.6,10,2493,0
P0022,0.96,62.9,6.79,204,15.4,8,2301,0
P0023,1.91,67.3,5.36,364,21.1,10,4198,1
P0024,1.22,51.4,4.84,244,24.4,10,2146,0
P0025,1.09,62.0,4.98,171,16.5,7,2060,0
P0026,1.12,71.6,6.02,217,24.1,6,2863,0
P0027,1.57,92.5,6.02,310,2.0,11,4618,0
P0028,1.48,109.0,5.94,246,27.7,6,3449,1
P0029,1.51,53.1,6.67,292,18.0,11,3155,0
P0030,1.52,85.1,4.8,294,23.6,9,3552,0
P0031,2.37,59.3,6.22,394,5.2,13,4639,1
P0032,1.1,86.5,6.86,167,8.4,9,2884,0
P0033,1.04,75.6,5.38,157,16.2,12,2073,1
P0034,0.89,45.0,5.79,163,14.9,9,1905,0
P0035,1.61,94.7,5.59,303,17.3,10,3806,0
P0036,1.86,67.1,5.51,299,23.7,12,3347,1
P0037,1.24,68.4,5.82,225,2.0,9,2915,0
P0038,0.88,58.7,6.79,171,22.8,12,1963,0
P0039,0.89,66.2,7.01,174,15.1,8,2285,0
P0040,1.63,85.7,5.82,356,13.4,11,4150,0
P0041,1.67,74.6,7.05,354,3.2,12,4097,0
P0042,1.57,83.9,6.02,244,19.0,12,3553,0
P0043,0.97,84.5,6.96,215,2.0,15,2731,0
P0044,1.42,101.8,5.95,236,20.2,8,3616,0
P0045,1.36,71.8,6.07,280,3.1,7,3752,0
P0046,1.41,51.4,6.2,256,15.4,8,3517,0
P0047,1.74,97.2,7.5,295,14.0,12,3720,1
P0048,1.41,72.0,6.47,190,24.4,11,2649,0
P0049,1.64,98.1,5.61,288,13.6,10,4056,0
P0050,1.33,84.9,6.53,188,9.4,7,3228,0
P0051,1.44,75.6,5.8,295,10.9,12,3488,0
P0052,1.62,84.3,5.73,352,25.2,7,3814,1
P0053,0.57,113.1,6.5,91,19.3,13,2227,0
P0054,1.14,115.4,6.02,214,11.9,15,3339,0
P0055,1.06,79.2,6.15,172,13.1,11,2638,0
P0056,0.98,80.9,6.01,161,2.5,11,2762,0
P0057,1.16,97.4,6.19,232,18.1,9,3474,0
P0058,2.05,62.8,6.23,367,2.0,6,4480,0
P0059,0.87,84.0,4.93,194,21.0,8,1864,0
P0060,1.78,77.5,6.37,300,16.0,7,3563,0
P0061,0.46,83.7,5.46,94,34.1,6,1200,0
P0062,1.13,63.0,5.21,207,6.2,14,2315,1
P0063,1.38,49.4,5.97,276,14.2,11,3027,1
P0064,1.59,40.7,6.05,269,29.4,11,2611,1
P0065,1.66,57.9,5.62,296,24.5,9,3091,0
P0066,1.7,69.7,6.46,301,9.4,10,3680,0
P0067,1.13,72.7,5.26,179,16.8,12,2278,1
P0068,1.07,112.9,5.78,210,15.0,10,3476,0
P0069,1.73,97.9,5.68,339,17.3,11,4348,0
P0070,1.2,60.7,5.97,235,9.4,10,2925,0
P0071,0.66,84.3,6.15,145,14.3,9,2183,0
P0072,0.73,70.7,5.45,159,2.2,6,2126,0
P0073,0.84,72.9,6.4,143,16.1,6,2229,0
P0074,1.55,81.3,6.03,293,18.6,9,3785,0
P0075,1.37,89.1,4.96,225,13.2,10,2856,0
P0076,1.65,71.9,4.92,297,2.1,7,3599,0
P0077,1.09,97.1,5.99,179,22.9,10,2425,0
P0078,1.38,57.4,5.88,304,17.9,10,3262,0
P0079,1.61,78.1,5.94,305,9.2,6,4031,0
P0080,1.15,124.8,5.98,200,12.8,8,3471,0
P0081,1.53,82.0,6.12,321,3.0,11,4460,0
P0082,0.97,103.8,6.52,126,6.8,11,2586,0
P0083,1.12,79.6,5.39,145,10.7,7,2453,1
P0084,1.11,88.5,5.36,222,24.8,10,2677,0
P0085,0.7,77.0,5.4,127,9.9,13,1923,0
P0086,1.54,74.9,6.16,287,20.1,12,3546,0
P0087,1.07,64.0,6.68,156,10.7,10,2333,0
P0088,1.31,85.7,5.76,234,17.0,9,3307,0
P0089,1.54,62.7,4.8,354,13.9,8,3686,0
P0090,1.52,90.0,5.06,306,22.0,11,3475,0
P0091,1.63,97.5,5.54,301,10.7,10,4151,0
P0092,1.25,84.6,5.69,211,2.4,12,3078,0
P0093,1.09,72.8,5.78,185,3.9,10,2894,0
P0094,1.26,86.2,6.02,164,10.7,12,2791,0
P0095,0.46,72.4,5.83,85,5.0,10,1857,0
P0096,0.58,94.8,6.58,116,18.3,12,2404,0
P0097,0.64,45.0,5.63,90,11.3,12,1259,1
P0098,0.8,72.0,5.53,131,34.0,8,1200,1
P0099,1.5,42.2,6.26,227,2.0,6,2956,0
P0100,0.85,51.1,5.16,132,16.6,14,1750,1
P0101,1.11,102.5,6.21,201,6.0,11,3475,0
P0102,1.95,94.1,6.06,253,11.1,6,4169,0
P0103,1.12,65.0,5.92,219,16.1,8,2871,0
P0104,1.67,51.0,6.87,332,2.0,12,3793,0
P0105,0.83,40.0,5.66,145,16.9,9,1806,1
P0106,1.2,68.2,7.13,156,30.2,9,2152,1
P0107,0.82,121.6,5.88,128,11.4,14,3072,0
P0108,1.13,85.8,5.3,238,17.1,7,2942,0
P0109,1.72,67.9,6.04,224,23.2,8,3337,0
P0110,0.44,86.4,5.41,75,13.7,11,1436,0
P0111,1.52,49.9,5.59,228,10.4,11,2753,1
P0112,1.42,72.6,6.22,284,2.0,11,4050,0
P0113,1.0,79.8,6.31,164,20.1,12,2512,0
P0114,0.58,76.5,5.66,110,14.1,10,1882,0
P0115,1.34,92.2,6.54,259,6.9,11,3642,0
P0116,1.04,84.2,6.64,234,16.0,9,2812,0
P0117,1.42,90.0,6.79,248,10.3,10,3454,0
P0118,1.31,65.6,6.29,248,10.8,10,3434,0
P0119,2.1,94.2,6.75,300,19.9,11,4322,0
P0120,1.18,107.3,4.97,248,4.3,12,3087,0
P0121,0.79,60.5,5.83,127,23.4,11,1636,0
P0122,1.39,62.0,5.52,231,3.8,10,3354,0
P0123,1.41,102.0,6.07,253,9.7,8,3763,0
P0124,1.98,74.6,5.69,279,30.4,10,3225,1
P0125,1.72,103.3,5.91,319,24.0,10,4475,0
P0126,1.48,70.0,7.04,302,15.8,10,3469,0
P0127,2.03,104.2,5.91,381,7.5,15,5038,0
P0128,0.71,80.4,6.23,99,10.8,9,2000,0
P0129,0.98,82.6,5.87,173,15.6,11,2753,0
P0130,0.84,106.2,6.04,166,15.3,13,2688,0
P0131,1.11,71.5,6.0,147,14.3,10,2636,0
P0132,0.61,61.1,6.25,94,14.8,15,1707,0
P0133,1.62,69.9,6.64,327,13.3,9,3814,0
P0134,1.19,86.1,6.91,222,3.5,11,3176,0
P0135,0.56,49.8,6.17,107,10.9,8,1532,0
P0136,0.79,89.5,6.32,179,22.3,9,2660,0
P0137,1.46,68.3,5.37,279,4.1,11,3235,0
P0138,1.72,98.7,5.95,338,13.5,12,4086,0
P0139,2.3,40.0,6.52,552,8.4,11,5405,0
P0140,2.76,63.8,6.48,482,15.9,13,5625,1
P0141,1.51,47.6,6.12,241,11.9,10,3121,1
P0142,0.81,63.1,6.49,154,26.8,9,1911,1
P0143,0.3,82.5,6.27,57,19.1,15,1302,0
P0144,1.43,74.8,6.66,239,4.5,11,3495,0
P0145,0.89,73.4,6.16,138,20.4,8,2157,0
P0146,1.09,75.1,5.8,260,8.8,8,3036,0
P0147,0.99,81.7,6.18,187,10.4,8,2769,0
P0148,1.23,59.8,4.8,199,17.5,12,2577,1
P0149,1.83,90.7,6.21,372,11.1,9,4359,0
P0150,1.38,89.9,4.8,244,22.1,10,3018,1
P0151,1.22,84.9,5.05,212,8.8,10,2565,0
P0152,0.78,88.0,6.25,152,10.0,12,2516,0
P0153,0.46,83.3,6.26,68,9.7,8,1662,0
P0154,1.06,114.6,5.36,200,10.5,7,2768,0
P0155,1.27,76.4,5.61,290,23.8,11,3200,0
P0156,2.18,72.5,6.75,419,20.0,12,4567,1
P0157,1.37,64.4,5.73,233,28.7,11,2300,1
P0158,1.79,59.4,7.23,300,33.1,8,3227,1
P0159,1.05,55.6,6.0,178,6.8,12,2724,0
P0160,0.71,62.0,6.22,123,15.6,8,2125,0
P0161,0.82,76.7,6.89,139,5.6,9,2279,0
P0162,0.94,84.0,6.07,190,8.8,8,2828,0
P0163,2.36,78.9,5.45,323,10.0,13,4711,1
P0164,0.89,64.2,5.94,179,6.5,12,2743,0
P0165,1.72,94.2,5.98,293,6.6,12,4408,0
P0166,0.85,91.3,5.25,161,13.8,13,2161,0
P0167,1.77,75.1,5.86,268,5.3,15,3860,1
P0168,1.49,66.2,5.59,318,21.7,6,3439,0
P0169,1.22,87.9,6.51,258,7.7,8,3125,0
P0170,1.28,81.4,6.02,261,37.5,8,3015,0
P0171,0.97,51.9,5.84,138,11.4,8,2404,0
P0172,1.52,76.8,5.94,306,15.6,7,3803,0
P0173,1.07,82.7,6.12,204,4.6,9,3348,0
P0174,0.69,61.8,6.34,96,28.6,7,1451,1
P0175,0.66,81.4,5.45,119,24.0,11,1670,0
P0176,1.39,51.8,5.43,262,17.4,10,2854,1
P0177,2.09,102.1,6.61,405,4.2,11,5080,0
P0178,1.38,100.5,5.77,255,16.7,11,3369,0
P0179,1.24,73.5,5.22,232,6.0,12,3167,0
P0180,1.44,84.5,6.24,313,26.7,9,3883,1
P0181,1.95,40.0,6.25,411,21.5,15,3900,1
P0182,1.41,57.2,5.16,183,15.8,11,2564,1
P0183,1.09,72.7,6.13,188,2.0,6,2909,0
P0184,1.85,58.7,6.4,326,7.1,7,4057,1
P0185,1.51,90.9,6.21,206,20.5,6,3406,0
P0186,2.07,114.0,6.35,377,24.7,10,5114,0
P0187,1.39,56.8,5.23,294,23.9,10,2869,1
P0188,0.69,62.9,6.18,105,2.3,9,2251,0
P0189,0.62,82.2,5.83,116,17.4,15,1938,0
P0190,2.13,107.0,5.73,334,23.1,11,4688,0
P0191,2.16,56.0,6.48,353,2.0,12,4287,1
P0192,1.21,82.5,6.81,263,14.9,8,3551,0
P0193,1.11,110.8,6.99,184,17.2,8,3031,0
P0194,2.03,48.3,6.72,389,12.6,10,4276,1
P0195,0.75,54.9,5.94,99,2.0,10,1542,1
P0196,0.85,70.4,6.19,193,12.4,6,2399,0
P0197,1.62,68.6,6.42,316,12.4,10,4008,0
P0198,1.1,92.6,6.07,193,13.8,10,3058,0
P0199,1.3,82.3,6.07,252,10.5,9,3069,0
P0200,1.22,46.1,6.45,176,11.5,8,2550,1
P0201,1.47,87.3,5.97,308,14.7,9,3727,0
P0202,2.0,67.6,5.6,344,18.5,10,4272,1
P0203,1.35,100.9,5.77,235,12.6,10,3472,0
P0204,1.62,66.7,6.35,272,11.7,12,3587,0
P0205,0.3,66.5,6.0,50,15.7,13,1325,0
P0206,1.28,87.7,6.19,252,2.0,9,3496,0
P0207,0.88,91.7,6.37,164,18.8,9,2360,0
P0208,0.69,86.1,5.79,136,15.0,11,2102,0
P0209,0.86,47.7,6.42,155,15.3,12,2054,0
P0210,1.13,87.7,6.21,218,22.7,9,2742,0
P0211,1.76,59.4,5.32,298,2.0,12,3347,1
P0212,0.64,82.2,6.79,150,2.0,12,2441,0
P0213,1.32,52.4,5.72,185,17.2,13,2300,1
P0214,1.06,86.0,5.09,224,14.9,14,2640,0
P0215,1.14,63.5,5.43,243,16.4,8,2316,1
P0216,1.8,54.9,5.44,286,11.3,10,3303,1
P0217,1.57,90.8,6.03,370,20.3,10,4218,0
P0218,1.97,82.3,5.85,403,22.5,10,4696,0
P0219,1.22,66.9,5.81,250,18.9,8,2749,0
P0220,0.95,104.1,6.34,172,12.9,6,3234,0
P0221,1.19,70.1,6.19,207,2.0,10,2968,0
P0222,1.42,78.6,6.17,248,21.2,8,3162,0
P0223,1.39,82.8,6.23,263,24.8,10,3611,0
P0224,0.76,66.8,6.34,163,20.2,8,2107,0
P0225,1.35,86.5,4.84,248,8.0,7,3042,0
P0226,1.41,68.4,5.8,222,20.4,11,2859,0
P0227,2.56,70.6,4.8,513,21.9,10,5388,1
P0228,2.24,102.5,6.02,454,27.5,11,5549,0
P0229,0.87,59.3,6.0,172,8.0,15,2160,0
P0230,1.16,40.0,6.58,230,13.2,11,2441,1
P0231,0.57,107.0,6.65,98,21.0,11,2016,0
P0232,1.0,123.9,6.11,158,15.5,7,2971,0
P0233,1.46,70.7,5.72,231,6.1,7,3227,0
P0234,1.9,43.1,6.27,265,18.3,14,3327,1
P0235,0.94,72.4,5.71,174,19.6,8,2460,0
P0236,0.97,72.8,6.0,173,15.7,7,2669,0
P0237,0.3,74.6,6.54,51,16.8,10,1200,0
P0238,1.22,58.0,5.69,158,12.9,10,2285,1
P0239,0.77,88.4,6.44,114,26.8,8,2080,0
P0240,1.04,87.4,6.37,215,7.8,9,2988,0
P0241,0.86,51.1,5.47,141,10.3,13,1910,1
P0242,1.25,90.6,6.54,237,15.1,8,3241,0
P0243,0.42,114.9,6.38,61,22.0,7,1674,0
P0244,0.57,81.1,6.06,122,3.0,12,2017,0
P0245,2.36,71.9,5.58,417,4.5,11,5292,0
P0246,0.66,75.4,5.53,123,2.0,8,2011,0
P0247,0.75,89.1,5.7,179,15.3,6,2732,0
P0248,2.22,46.8,6.3,483,6.1,8,4967,0
P0249,2.75,81.0,5.47,474,11.9,10,5688,1
P0250,0.71,71.0,6.24,118,20.3,13,2302,0
P0251,1.12,111.3,5.32,192,9.9,7,2910,0
P0252,1.47,74.9,5.89,283,16.9,10,3113,0
P0253,2.16,108.0,6.06,384,12.6,12,5423,0
P0254,0.81,58.1,7.34,137,20.4,6,1372,1
P0255,1.18,88.6,5.24,255,18.8,13,2995,0
P0256,1.69,83.7,6.81,299,9.5,7,3782,0
P0257,1.52,62.4,6.08,360,13.7,11,3910,0
P0258,1.11,81.2,6.23,203,23.3,11,2597,0
P0259,1.23,99.8,6.07,277,18.1,13,3567,0
P0260,0.61,72.2,6.24,116,3.8,11,2165,0
P0261,1.18,47.5,5.92,241,20.2,6,2358,1
P0262,1.17,77.7,6.8,189,6.3,8,2687,0
P0263,1.42,61.8,5.75,225,26.3,10,2624,1
P0264,1.02,71.8,6.62,196,23.2,10,2142,0
P0265,1.54,76.5,5.65,314,17.3,11,3541,0
P0266,1.81,47.3,5.97,327,16.3,12,3650,1
P0267,1.38,48.9,5.41,204,13.3,12,2412,1
P0268,1.48,86.7,6.25,215,20.4,9,3220,0
P0269,1.33,68.6,6.79,191,12.0,6,2730,1
P0270,1.3,40.0,5.96,177,16.9,9,2137,1
P0271,0.94,92.1,5.89,172,22.0,11,2662,0
P0272,1.46,82.9,5.39,303,10.5,7,3879,0
P0273,1.25,65.2,5.87,225,10.1,12,2843,0
P0274,2.35,54.3,5.12,305,5.4,12,4078,1
P0275,2.09,93.0,5.5,366,6.5,10,4703,0
P0276,1.49,84.3,6.12,263,2.0,6,3899,0
P0277,0.92,120.9,6.73,213,20.8,7,3386,0
P0278,0.74,85.6,7.5,107,29.5,15,1563,1
P0279,1.9,85.0,5.68,323,26.4,9,3614,1
P0280,1.43,75.0,6.79,319,2.0,6,3877,0
P0281,1.54,92.7,6.13,295,20.8,13,4053,0
P0282,0.43,89.3,5.92,83,26.4,10,1464,0
P0283,1.76,100.5,6.24,323,11.3,13,4643,0
P0284,1.53,68.6,6.03,287,15.8,11,3378,0
P0285,0.74,70.2,6.06,149,2.0,11,2084,0
P0286,1.06,69.4,5.78,170,17.1,11,2392,0
P0287,1.43,92.2,5.23,289,6.5,12,3356,0
P0288,1.33,105.0,5.15,193,16.6,15,2982,0
P0289,1.15,69.7,6.36,217,2.5,12,3287,0
P0290,1.25,70.4,5.85,230,19.3,6,2508,1
P0291,1.17,83.7,5.67,193,23.2,11,2415,1
P0292,1.38,73.6,6.0,247,8.7,13,3153,0
P0293,2.04,95.1,6.44,335,5.9,13,4710,0
P0294,0.3,40.0,6.1,46,2.0,9,1200,0
P0295,1.18,63.1,5.64,202,12.9,13,2841,1
P0296,1.39,63.9,6.67,212,10.3,12,3072,0
P0297,1.45,40.0,6.87,272,2.6,15,3117,1
P0298,1.11,60.7,6.27,168,18.6,8,2391,0
P0299,0.42,61.5,6.54,83,11.4,9,1437,0
P0300,1.46,74.4,6.68,220,6.4,9,3072,1
P0301,2.16,98.0,6.62,359,10.6,9,5014,0
P0302,0.53,73.6,6.34,88,23.6,8,1297,0
P0303,1.73,59.4,6.33,369,19.8,6,4087,0
P0304,1.14,77.0,6.29,214,14.0,9,3154,0
P0305,1.27,96.9,5.4,222,20.0,11,3077,0
P0306,0.77,60.4,6.39,149,5.7,9,2129,0
P0307,1.13,61.6,5.25,147,15.3,15,2130,1
P0308,1.95,88.1,5.56,349,16.2,10,3799,0
P0309,1.59,74.0,6.72,366,11.2,13,4088,0
P0310,2.17,89.7,6.46,397,18.5,11,4843,0
P0311,1.89,77.8,6.82,343,8.8,12,4217,0
P0312,1.52,90.6,5.85,294,19.1,11,3851,0
P0313,2.17,59.4,5.37,440,19.4,13,4465,1
P0314,1.52,77.8,5.87,198,2.0,10,3120,1
P0315,1.71,74.2,6.06,236,24.5,11,3283,0
P0316,1.15,56.1,6.04,213,2.0,11,2864,0
P0317,1.33,49.9,6.62,216,10.1,9,2724,1
P0318,0.95,90.3,5.8,202,23.2,11,2671,0
P0319,1.79,71.7,6.19,309,12.5,15,4189,0
P0320,0.71,59.6,5.46,94,3.3,9,1461,0
P0321,1.69,76.3,6.25,251,6.3,11,3789,0
P0322,1.2,98.3,6.0,157,23.2,13,3012,0
P0323,1.89,40.0,5.59,328,2.0,13,3425,1
P0324,1.68,51.1,5.87,294,24.0,10,3249,1
P0325,2.21,61.4,5.9,374,14.6,6,4334,0
P0326,1.67,104.3,5.85,345,5.5,11,4495,0
P0327,0.51,83.1,6.97,108,10.3,6,1597,0
P0328,1.27,91.8,5.95,223,6.9,14,3351,0
P0329,0.71,57.5,5.87,93,21.9,10,1752,0
P0330,1.04,57.8,4.85,203,20.9,12,1777,1
P0331,2.06,86.1,5.51,399,2.0,8,4676,0
P0332,1.62,79.0,5.86,304,11.8,6,3598,0
P0333,0.95,87.9,5.62,194,8.1,11,3088,0
P0334,0.79,74.6,6.76,120,25.3,10,1658,1
P0335,1.32,83.0,5.91,303,4.2,9,3775,0
P0336,0.69,80.8,6.71,108,27.8,10,1577,0
P0337,0.96,92.0,6.03,192,14.7,15,2674,0
P0338,1.46,92.5,6.02,201,5.7,12,3434,0
P0339,1.88,48.8,5.95,294,9.6,13,4089,1
P0340,1.6,40.0,6.0,350,8.6,12,3879,1
P0341,0.3,96.0,6.95,52,4.8,14,1407,0
P0342,1.45,99.4,4.8,292,15.8,10,3616,0
P0343,1.34,59.6,4.9,248,5.2,6,2677,1
P0344,1.51,44.5,5.7,267,2.0,10,2859,1
P0345,2.11,79.8,6.01,451,12.0,12,5298,0
P0346,0.3,94.8,6.38,52,2.0,8,1984,0
P0347,1.0,110.4,6.26,136,9.0,10,3155,0
P0348,1.6,87.3,5.79,255,7.7,8,3626,0
P0349,0.51,71.3,6.56,99,8.0,14,1684,1
P0350,2.04,61.9,6.57,387,31.0,12,4187,1
P0351,1.48,78.2,6.1,209,15.5,12,3267,0
P0352,1.72,72.6,6.53,279,17.0,12,3534,1
P0353,1.01,59.7,6.15,168,2.0,10,2278,0
P0354,1.71,114.9,5.69,292,9.8,10,4345,0
P0355,1.83,110.1,6.38,267,16.7,7,4404,0
P0356,1.42,98.4,6.06,233,6.8,6,3480,0
P0357,1.42,61.4,6.0,229,22.3,10,2976,1
P0358,1.44,93.4,6.81,286,5.4,11,3868,0
P0359,0.87,89.5,4.8,174,12.7,13,2406,0
P0360,1.23,86.0,5.22,216,10.3,14,3093,0
P0361,1.22,100.5,5.35,208,16.3,14,2901,0
P0362,1.49,89.4,5.8,274,9.9,8,3429,0
P0363,1.8,91.3,5.86,287,12.8,9,3952,0
P0364,0.77,89.5,5.17,117,13.1,11,2144,0
P0365,1.24,84.1,5.46,194,9.1,15,2796,0
P0366,2.04,45.9,5.53,335,18.9,14,3539,1
P0367,0.93,79.5,7.35,140,16.9,13,1672,1
P0368,0.89,68.0,6.99,164,14.3,9,2412,0
P0369,1.4,55.0,5.77,278,11.6,8,3292,0
P0370,1.72,108.3,5.8,242,21.4,12,3935,0
P0371,1.31,109.1,5.37,236,13.1,7,3607,0
P0372,1.96,102.5,4.95,343,12.5,9,4468,0
P0373,1.73,82.6,5.94,326,15.8,10,4004,0
P0374,1.72,102.3,5.45,309,28.6,14,3812,1
P0375,1.58,78.2,5.95,227,4.3,9,3449,1
P0376,2.46,81.7,5.12,366,21.2,6,4997,0
P0377,1.2,58.3,5.58,216,2.0,11,2890,0
P0378,0.3,85.1,6.08,62,16.7,8,1364,0
P0379,2.1,79.1,6.2,273,27.6,10,3984,1
P0380,1.07,54.6,6.23,202,18.9,10,2254,1
P0381,1.35,77.1,5.27,284,16.4,9,3472,0
P0382,1.95,76.6,6.47,344,10.5,12,4233,0
P0383,0.5,110.4,5.56,97,15.2,6,2112,0
P0384,0.67,94.1,6.35,110,13.0,9,2403,0
P0385,0.5,78.2,5.99,88,8.7,12,1852,0
P0386,0.9,82.5,5.24,126,12.7,8,2097,0
P0387,1.52,78.8,5.83,198,16.6,6,3065,0
P0388,1.56,74.3,6.2,318,8.9,12,3948,0
P0389,1.44,58.5,6.34,223,8.5,13,2969,1
P0390,0.59,75.3,5.92,100,4.1,10,1865,0
P0391,0.3,64.6,6.84,44,18.1,6,1200,0
P0392,1.33,55.5,6.55,192,19.4,12,2480,1
P0393,1.06,87.2,5.86,187,16.9,6,2599,0
P0394,1.53,85.0,6.41,247,22.7,11,3282,0
P0395,1.65,45.8,7.06,313,15.7,8,3404,1
P0396,1.37,75.8,7.08,262,18.1,7,3180,0
P0397,1.68,95.9,5.32,316,17.4,9,4015,0
P0398,1.41,97.1,5.49,263,14.3,10,3478,0
P0399,1.57,96.5,6.82,343,10.8,8,4282,0
P0400,0.95,78.7,5.42,145,32.7,11,1751,1
