record_id,cluster
P0001,0
P0002,1
P0003,0
P0004,0
P0005,1
P0006,1
P0007,0
P0008,1
P0009,0
P0010,1
P0011,0
P0012,0
P0013,0
P0014,0
P0015,0
P0016,1
P0017,0
P0018,1
P0019,0
P0020,0
P0021,1
P0022,1
P0023,0
P0024,0
P0025,1
P0026,1
P0027,0
P0028,0
P0029,0
P0030,0
P0031,0
P0032,1
P0033,1
P0034,1
P0035,0
P0036,0
P0037,0
P0038,1
P0039,1
P0040,0
P0041,0
P0042,0
P0043,1
P0044,0
P0045,0
P0046,0
P0047,0
P0048,1
P0049,0
P0050,1
P0051,0
P0052,0
P0053,1
P0054,1
P0055,1
P0056,1
P0057,1
P0058,0
P0059,1
P0060,0
P0061,1
P0062,0
P0063,0
P0064,0
P0065,0
P0066,0
P0067,1
P0068,1
P0069,0
P0070,0
P0071,1
P0072,1
P0073,1
P0074,0
P0075,0
P0076,0
P0077,1
P0078,0
P0079,0
P0080,1
P0081,0
P0082,1
P0083,1
P0084,1
P0085,1
P0086,0
P0087,1
P0088,0
P0089,0
P0090,0
P0091,0
P0092,0
P0093,1
P0094,1
P0095,1
P0096,1
P0097,1
P0098,1
P0099,0
P0100,1
P0101,1
P0102,0
P0103,1
P0104,0
P0105,1
P0106,1
P0107,1
P0108,0
P0109,0
P0110,1
P0111,0
P0112,0
P0113,1
P0114,1
P0115,0
P0116,1
P0117,0
P0118,0
P0119,0
P0120,0
P0121,1
P0122,0
P0123,0
P0124,0
P0125,0
P0126,0
P0127,0
P0128,1
P0129,1
P0130,1
P0131,1
P0132,1
P0133,0
P0134,1
P0135,1
P0136,1
P0137,0
P0138,0
P0139,0
P0140,0
P0141,0
P0142,1
P0143,1
P0144,0
P0145,1
P0146,0
P0147,1
P0148,0
P0149,0
P0150,0
P0151,0
P0152,1
P0153,1
P0154,1
P0155,0
P0156,0
P0157,0
P0158,0
P0159,1
P0160,1
P0161,1
P0162,1
P0163,0
P0164,1
P0165,0
P0166,1
P0167,0
P0168,0
P0169,1
P0170,0
P0171,1
P0172,0
P0173,1
P0174,1
P0175,1
P0176,0
P0177,0
P0178,0
P0179,0
P0180,0
P0181,0
P0182,0
P0183,1
P0184,0
P0185,1
P0186,0
P0187,0
P0188,1
P0189,1
P0190,0
P0191,0
P0192,1
P0193,1
P0194,0
P0195,1
P0196,1
P0197,0
P0198,1
P0199,0
P0200,1
P0201,0
P0202,0
P0203,0
P0204,0
P0205,1
P0206,0
P0207,1
P0208,1
P0209,1
P0210,1
P0211,0
P0212,1
P0213,0
P0214,0
P0215,0
P0216,0
P0217,0
P0218,0
P0219,0
P0220,1
P0221,1
P0222,0
P0223,0
P0224,1
P0225,0
P0226,0
P0227,0
P0228,0
P0229,1
P0230,1
P0231,1
P0232,1
P0233,0
P0234,0
P0235,1
P0236,1
P0237,1
P0238,1
P0239,1
P0240,1
P0241,1
P0242,1
P0243,1
P0244,1
P0245,0
P0246,1
P0247,1
P0248,0
P0249,0
P0250,1
P0251,1
P0252,0
P0253,0
P0254,1
P0255,0
P0256,0
P0257,0
P0258,1
P0259,0
P0260,1
P0261,1
P0262,1
P0263,0
P0264,1
P0265,0
P0266,0
P0267,0
P0268,0
P0269,1
P0270,1
P0271,1
P0272,0
P0273,0
P0274,0
P0275,0
P0276,0
P0277,1
P0278,1
P0279,0
P0280,0
P0281,0
P0282,1
P0283,0
P0284,0
P0285,1
P0286,1
P0287,0
P0288,0
P0289,1
P0290,1
P0291,1
P0292,0
P0293,0
P0294,1
P0295,0
P0296,0
P0297,0
P0298,1
P0299,1
P0300,0
P0301,0
P0302,1
P0303,0
P0304,1
P0305,0
P0306,1
P0307,1
P0308,0
P0309,0
P0310,0
P0311,0
P0312,0
P0313,0
P0314,0
P0315,0
P0316,1
P0317,1
P0318,1
P0319,0
P0320,1
P0321,0
P0322,1
P0323,0
P0324,0
P0325,0
P0326,0
P0327,1
P0328,0
P0329,1
P0330,0
P0331,0
P0332,0
P0333,1
P0334,1
P0335,0
P0336,1
P0337,1
P0338,0
P0339,0
P0340,0
P0341,1
P0342,0
P0343,0
P0344,0
P0345,0
P0346,1
P0347,1
P0348,0
P0349,1
P0350,0
P0351,0
P0352,0
P0353,1
P0354,0
P0355,0
P0356,0
P0357,0
P0358,0
P0359,1
P0360,0
P0361,0
P0362,0
P0363,0
P0364,1
P0365,0
P0366,0
P0367,1
P0368,1
P0369,0
P0370,0
P0371,0
P0372,0
P0373,0
P0374,0
P0375,0
P0376,0
P0377,0
P0378,1
P0379,0
P0380,1
P0381,0
P0382,0
P0383,1
P0384,1
P0385,1
P0386,1
P0387,0
P0388,0
P0389,0
P0390,1
P0391,1
P0392,1
P0393,1
P0394,0
P0395,0
P0396,1
P0397,0
P0398,0
P0399,0
P0400,1
